ID,성공확률
TEST_0000,0.5144420305015371
TEST_0001,0.46721831652516543
TEST_0002,0.45285744139585193
TEST_0003,0.5665607442990577
TEST_0004,0.6498165483919094
TEST_0005,0.565239200971101
TEST_0006,0.45974373683264314
TEST_0007,0.61337987341645
TEST_0008,0.5873370195411728
TEST_0009,0.5573773046034813
TEST_0010,0.6073892317224648
TEST_0011,0.5672156148826144
TEST_0012,0.521338076367925
TEST_0013,0.5429702587089926
TEST_0014,0.5896759809243999
TEST_0015,0.4711282357446658
TEST_0016,0.45327191817233803
TEST_0017,0.5755899181694802
TEST_0018,0.5814571294090907
TEST_0019,0.6248122251510242
TEST_0020,0.5575098314732948
TEST_0021,0.5049254404267475
TEST_0022,0.5811847347045096
TEST_0023,0.5581624286762483
TEST_0024,0.5154420788292025
TEST_0025,0.5170147273794197
TEST_0026,0.47102839813546926
TEST_0027,0.4766434364740996
TEST_0028,0.5197894918891209
TEST_0029,0.5193308432171618
TEST_0030,0.4965924683471694
TEST_0031,0.6066195031106629
TEST_0032,0.6372967294769706
TEST_0033,0.4855682882085384
TEST_0034,0.5426735678526319
TEST_0035,0.4303212668153876
TEST_0036,0.42115557889446825
TEST_0037,0.5352182600300692
TEST_0038,0.5276018109244979
TEST_0039,0.5882390351617608
TEST_0040,0.570595299814052
TEST_0041,0.5244656879307431
TEST_0042,0.5311131139158425
TEST_0043,0.5333510591349416
TEST_0044,0.7428492346282801
TEST_0045,0.6188423578467492
TEST_0046,0.4847957503837706
TEST_0047,0.40397840913810723
TEST_0048,0.6140154124976247
TEST_0049,0.5436823642288119
TEST_0050,0.5369604164190073
TEST_0051,0.44604178000276756
TEST_0052,0.44447654603923903
TEST_0053,0.441221382781516
TEST_0054,0.48190091367576315
TEST_0055,0.56653593062169
TEST_0056,0.45060002799810317
TEST_0057,0.5580402630245471
TEST_0058,0.4616561385933917
TEST_0059,0.5054268249808735
TEST_0060,0.514391970937882
TEST_0061,0.5268397131986178
TEST_0062,0.49482942650090084
TEST_0063,0.6476301101034592
TEST_0064,0.6372743242322945
TEST_0065,0.5903930318299437
TEST_0066,0.5668375028912419
TEST_0067,0.44678943612309785
TEST_0068,0.5012341627118726
TEST_0069,0.5159951013337996
TEST_0070,0.49239928546157763
TEST_0071,0.5091611946627095
TEST_0072,0.5767874309733683
TEST_0073,0.5168447686246876
TEST_0074,0.5849323281261443
TEST_0075,0.5505143666588934
TEST_0076,0.646708378186608
TEST_0077,0.5691221237723909
TEST_0078,0.4756761882437758
TEST_0079,0.47353115175705107
TEST_0080,0.4826016957453399
TEST_0081,0.523362354578129
TEST_0082,0.544374830213913
TEST_0083,0.6347130041188687
TEST_0084,0.4540680178631368
TEST_0085,0.5336099465788504
TEST_0086,0.48680652222986365
TEST_0087,0.5587590944278849
TEST_0088,0.5275455055961848
TEST_0089,0.480384736210115
TEST_0090,0.5408980550909576
TEST_0091,0.5063786170247422
TEST_0092,0.5241460138397418
TEST_0093,0.5105327487057905
TEST_0094,0.5131017833913875
TEST_0095,0.44673132038668095
TEST_0096,0.5134673566491585
TEST_0097,0.566378105242455
TEST_0098,0.5262843271892037
TEST_0099,0.5479417658378806
TEST_0100,0.4635849069752139
TEST_0101,0.43348062603459814
TEST_0102,0.46844179262857555
TEST_0103,0.6190194217146978
TEST_0104,0.4963455696821932
TEST_0105,0.5328403204798108
TEST_0106,0.613519040323448
TEST_0107,0.5700699675140172
TEST_0108,0.5758666034709228
TEST_0109,0.37760416334181335
TEST_0110,0.5480788194478702
TEST_0111,0.5673913855714855
TEST_0112,0.44969969923895164
TEST_0113,0.6010514137520372
TEST_0114,0.5464646869643814
TEST_0115,0.5345574486016323
TEST_0116,0.650720605252446
TEST_0117,0.6152002173843691
TEST_0118,0.5358836343103129
TEST_0119,0.6178677336717868
TEST_0120,0.4992638008032846
TEST_0121,0.4310951608699141
TEST_0122,0.500922305100205
TEST_0123,0.5914371918140771
TEST_0124,0.472055630600182
TEST_0125,0.47306279628225106
TEST_0126,0.44414871147016866
TEST_0127,0.4401443366164697
TEST_0128,0.40956895880360367
TEST_0129,0.5436428307068691
TEST_0130,0.5652104294946763
TEST_0131,0.5170781527339077
TEST_0132,0.4908646172412311
TEST_0133,0.44253953782454836
TEST_0134,0.6233655400950375
TEST_0135,0.5932559325343776
TEST_0136,0.524621623786659
TEST_0137,0.5340934198294226
TEST_0138,0.5323661290740985
TEST_0139,0.5355936524489866
TEST_0140,0.4348283495222098
TEST_0141,0.45763087050358786
TEST_0142,0.5660599161948654
TEST_0143,0.491473593104744
TEST_0144,0.47958770095869935
TEST_0145,0.5814224471810473
TEST_0146,0.5138143566208881
TEST_0147,0.5857033827794855
TEST_0148,0.5531401815645007
TEST_0149,0.5548849013362254
TEST_0150,0.4719596308269094
TEST_0151,0.5226660543848919
TEST_0152,0.5905520150035174
TEST_0153,0.5209547255828239
TEST_0154,0.5608599110388088
TEST_0155,0.47298086869250255
TEST_0156,0.583018760430181
TEST_0157,0.5925151681116072
TEST_0158,0.6519902863047817
TEST_0159,0.4685833557842321
TEST_0160,0.42751613280869155
TEST_0161,0.48969542382807185
TEST_0162,0.4634459458730241
TEST_0163,0.5686492706551194
TEST_0164,0.603296006391152
TEST_0165,0.5745940034786129
TEST_0166,0.5425485596894616
TEST_0167,0.5620684538584587
TEST_0168,0.5419157567767208
TEST_0169,0.4966196961162279
TEST_0170,0.546871739265456
TEST_0171,0.519122342154323
TEST_0172,0.46546216501134924
TEST_0173,0.6344323618875273
TEST_0174,0.4939952921402869
TEST_0175,0.524048871485912
TEST_0176,0.6966719753412183
TEST_0177,0.49539962964444206
TEST_0178,0.4106821475550003
TEST_0179,0.5163988941632471
TEST_0180,0.48802541598424093
TEST_0181,0.5522213127803455
TEST_0182,0.536370546483198
TEST_0183,0.504603307285573
TEST_0184,0.5461244723062385
TEST_0185,0.5503824381595029
TEST_0186,0.5008829535026454
TEST_0187,0.5383606727604623
TEST_0188,0.36527138403022097
TEST_0189,0.545195522024543
TEST_0190,0.5494504527717322
TEST_0191,0.5748941162442627
TEST_0192,0.537415154605342
TEST_0193,0.48343951199404334
TEST_0194,0.47245792419484794
TEST_0195,0.4825656455858033
TEST_0196,0.5337948874711488
TEST_0197,0.5366941183226618
TEST_0198,0.5419267899431872
TEST_0199,0.4813170455057785
TEST_0200,0.42742026691436796
TEST_0201,0.5612749653946162
TEST_0202,0.5700937819713413
TEST_0203,0.5897596088219512
TEST_0204,0.42829781913736936
TEST_0205,0.6090823843652446
TEST_0206,0.6069261526350931
TEST_0207,0.7139516508594183
TEST_0208,0.4916023040170258
TEST_0209,0.696806628010555
TEST_0210,0.5205398782159366
TEST_0211,0.44173161363394214
TEST_0212,0.4871171301402251
TEST_0213,0.48904905365536067
TEST_0214,0.5796999962399517
TEST_0215,0.47529317041773117
TEST_0216,0.5835518596347774
TEST_0217,0.5174510315353701
TEST_0218,0.5651060279125859
TEST_0219,0.381757776571464
TEST_0220,0.535412549299149
TEST_0221,0.5832756732603168
TEST_0222,0.5353277046496263
TEST_0223,0.5540794958199186
TEST_0224,0.4544169306588465
TEST_0225,0.5191316228454609
TEST_0226,0.6521341553865211
TEST_0227,0.5181071570802458
TEST_0228,0.5690155193539864
TEST_0229,0.6660992598236117
TEST_0230,0.5086882739913781
TEST_0231,0.5131522549446121
TEST_0232,0.4411855180014673
TEST_0233,0.5431753265888848
TEST_0234,0.5367828639376666
TEST_0235,0.45582063129403505
TEST_0236,0.44919663411056693
TEST_0237,0.4318038933026371
TEST_0238,0.5570149923473994
TEST_0239,0.48410918977981404
TEST_0240,0.4507350739869274
TEST_0241,0.6254200057597106
TEST_0242,0.49985164672595045
TEST_0243,0.5096214910167043
TEST_0244,0.5564729095651403
TEST_0245,0.48461978726400184
TEST_0246,0.4848469883026595
TEST_0247,0.4895884806179043
TEST_0248,0.6286723781959418
TEST_0249,0.5407845226031278
TEST_0250,0.536965466440277
TEST_0251,0.6082733991501654
TEST_0252,0.562749992882757
TEST_0253,0.5337510446297044
TEST_0254,0.4461657443682559
TEST_0255,0.47566239107024144
TEST_0256,0.5204573296583933
TEST_0257,0.6550518610883567
TEST_0258,0.5348105478235663
TEST_0259,0.5650723742198712
TEST_0260,0.4748573750401764
TEST_0261,0.5121618168616596
TEST_0262,0.6010447772601031
TEST_0263,0.6150724453133198
TEST_0264,0.6078746940146866
TEST_0265,0.5592973025157466
TEST_0266,0.5026000150297429
TEST_0267,0.5590902268268662
TEST_0268,0.5443099389551578
TEST_0269,0.41966529367379946
TEST_0270,0.49062512109204137
TEST_0271,0.3782933075218074
TEST_0272,0.5384827194410345
TEST_0273,0.501755722984287
TEST_0274,0.5030176398699039
TEST_0275,0.449193274861287
TEST_0276,0.37595274106995746
TEST_0277,0.49598648195777795
TEST_0278,0.5824019040361037
TEST_0279,0.46276590360937664
TEST_0280,0.5494692053223149
TEST_0281,0.5010021463693592
TEST_0282,0.5718915114152044
TEST_0283,0.6952128708079275
TEST_0284,0.5251175837959893
TEST_0285,0.49618896841615423
TEST_0286,0.5285930724317294
TEST_0287,0.6312277836331263
TEST_0288,0.4716844068255466
TEST_0289,0.6174744132569893
TEST_0290,0.5729515780803656
TEST_0291,0.532457355200611
TEST_0292,0.5009098891767079
TEST_0293,0.6131626320268568
TEST_0294,0.6083449862030909
TEST_0295,0.4942193139748896
TEST_0296,0.4855419453435328
TEST_0297,0.48123533058051776
TEST_0298,0.6460406734902985
TEST_0299,0.45497475035980284
TEST_0300,0.4487075611584751
TEST_0301,0.5785593506491238
TEST_0302,0.519233394075241
TEST_0303,0.6049388772958791
TEST_0304,0.6014319982103113
TEST_0305,0.4649491555543255
TEST_0306,0.5210394993667109
TEST_0307,0.558754366332141
TEST_0308,0.5076239124316202
TEST_0309,0.43392915982689023
TEST_0310,0.6997880041190461
TEST_0311,0.4995357639899621
TEST_0312,0.5775166358059739
TEST_0313,0.4264606590342438
TEST_0314,0.6532997450902789
TEST_0315,0.5955829623861116
TEST_0316,0.4477646968378845
TEST_0317,0.6533802261384238
TEST_0318,0.5695134157608757
TEST_0319,0.5328983214252161
TEST_0320,0.5814328026794524
TEST_0321,0.6341935634324379
TEST_0322,0.5777802492654399
TEST_0323,0.5142979200097908
TEST_0324,0.435577770203412
TEST_0325,0.46072008147797516
TEST_0326,0.6235732668653545
TEST_0327,0.5550038476224223
TEST_0328,0.4973744641865037
TEST_0329,0.6153528731572749
TEST_0330,0.3501964870707006
TEST_0331,0.533976244587719
TEST_0332,0.5835517836310031
TEST_0333,0.5573425623500332
TEST_0334,0.5281266263162196
TEST_0335,0.4338473579816437
TEST_0336,0.4182803629358718
TEST_0337,0.5830830597494858
TEST_0338,0.593325868022397
TEST_0339,0.46167829041398334
TEST_0340,0.5472097122401284
TEST_0341,0.5144870093798313
TEST_0342,0.4924749856361876
TEST_0343,0.45078575491163253
TEST_0344,0.41129630336083933
TEST_0345,0.4639559007539024
TEST_0346,0.5253550445544846
TEST_0347,0.61170621058827
TEST_0348,0.49645821714143196
TEST_0349,0.5000074457944008
TEST_0350,0.5459194721679065
TEST_0351,0.5531335026195796
TEST_0352,0.5792825824296406
TEST_0353,0.5143927075931826
TEST_0354,0.6598541994063921
TEST_0355,0.3872118092408119
TEST_0356,0.5356721441924801
TEST_0357,0.42283920925841045
TEST_0358,0.40403088102038626
TEST_0359,0.4690526630065467
TEST_0360,0.5163080982027202
TEST_0361,0.4339753626375592
TEST_0362,0.5581930448703671
TEST_0363,0.5513170498039905
TEST_0364,0.46704631201583857
TEST_0365,0.6063024376268378
TEST_0366,0.5274103989730908
TEST_0367,0.5217749909035192
TEST_0368,0.5433818264066247
TEST_0369,0.5534219497519403
TEST_0370,0.4624198084469284
TEST_0371,0.5068661860595584
TEST_0372,0.47124219236152337
TEST_0373,0.5343171119238654
TEST_0374,0.557429446406043
TEST_0375,0.4579695912891271
TEST_0376,0.5386336936524683
TEST_0377,0.627564259179433
TEST_0378,0.4994642516456844
TEST_0379,0.4787776877202141
TEST_0380,0.5222037214944669
TEST_0381,0.543289717106297
TEST_0382,0.6491715332073118
TEST_0383,0.4632326205761957
TEST_0384,0.5200613743777103
TEST_0385,0.6018508619749766
TEST_0386,0.5966983810206691
TEST_0387,0.44363763534968526
TEST_0388,0.6388612296030577
TEST_0389,0.5293934084451327
TEST_0390,0.545667349062365
TEST_0391,0.5736810027354218
TEST_0392,0.5116518048684776
TEST_0393,0.46720440266888397
TEST_0394,0.5858464386500868
TEST_0395,0.5187444838460715
TEST_0396,0.5320401150510636
TEST_0397,0.4898715633123475
TEST_0398,0.4995750864036032
TEST_0399,0.5626798203027147
TEST_0400,0.4092556326874499
TEST_0401,0.48716732036532084
TEST_0402,0.5430285266506196
TEST_0403,0.4702973570249083
TEST_0404,0.48867070244477884
TEST_0405,0.4271965738752763
TEST_0406,0.46280855435616197
TEST_0407,0.5057044751417119
TEST_0408,0.48246614265170673
TEST_0409,0.488410704352314
TEST_0410,0.4994477437271474
TEST_0411,0.6371865077994371
TEST_0412,0.4700009803804161
TEST_0413,0.3825450301853752
TEST_0414,0.5778142071885276
TEST_0415,0.5505951109447402
TEST_0416,0.60024936990837
TEST_0417,0.49054247489662284
TEST_0418,0.5901835384325125
TEST_0419,0.49676459818408675
TEST_0420,0.4419034494152083
TEST_0421,0.4466397614575895
TEST_0422,0.4923616172487977
TEST_0423,0.5807677587464626
TEST_0424,0.48863422741658163
TEST_0425,0.5738497389833058
TEST_0426,0.4560042653549433
TEST_0427,0.5263047447585567
TEST_0428,0.49984409707876526
TEST_0429,0.5291274718746437
TEST_0430,0.5575117605439402
TEST_0431,0.5505495436798623
TEST_0432,0.5270696821262048
TEST_0433,0.4151324750463308
TEST_0434,0.5385086308651287
TEST_0435,0.41217024688931403
TEST_0436,0.4185030288304413
TEST_0437,0.606807042126406
TEST_0438,0.5290967489571101
TEST_0439,0.517768020240898
TEST_0440,0.5183724762553693
TEST_0441,0.5929148403526938
TEST_0442,0.6366955259674683
TEST_0443,0.5334204651403379
TEST_0444,0.4627751374817533
TEST_0445,0.5217229645619832
TEST_0446,0.5257159148254597
TEST_0447,0.5531132274230187
TEST_0448,0.41585134940750546
TEST_0449,0.506521652529259
TEST_0450,0.4989032409317609
TEST_0451,0.5481107546868849
TEST_0452,0.4901493710658476
TEST_0453,0.45169743199223794
TEST_0454,0.7199021741818066
TEST_0455,0.5485358719582272
TEST_0456,0.5674718689075596
TEST_0457,0.5639214612113563
TEST_0458,0.5305294163904714
TEST_0459,0.519444483294778
TEST_0460,0.49323987500812017
TEST_0461,0.4955610809417186
TEST_0462,0.5186278674387591
TEST_0463,0.6759934462000734
TEST_0464,0.5157802092398303
TEST_0465,0.5848900190287034
TEST_0466,0.541439801146607
TEST_0467,0.3294293549702278
TEST_0468,0.5715418850452016
TEST_0469,0.5659551314119539
TEST_0470,0.5158489602854439
TEST_0471,0.5467153827627533
TEST_0472,0.6644392668549844
TEST_0473,0.6461708441479153
TEST_0474,0.4914802968180298
TEST_0475,0.6128269394265745
TEST_0476,0.5270808807172109
TEST_0477,0.5469651307506643
TEST_0478,0.6897520815032563
TEST_0479,0.6344615786421315
TEST_0480,0.6997942550438477
TEST_0481,0.4378406620804268
TEST_0482,0.5612380846591349
TEST_0483,0.4743682654245976
TEST_0484,0.5640888655501478
TEST_0485,0.5601753122189219
TEST_0486,0.4080709931245763
TEST_0487,0.539445374203279
TEST_0488,0.5651906471309078
TEST_0489,0.5102876116787024
TEST_0490,0.527364330929307
TEST_0491,0.5943455903753435
TEST_0492,0.5163088799495582
TEST_0493,0.600776032146197
TEST_0494,0.5257432523547249
TEST_0495,0.5477092610006955
TEST_0496,0.32787110591473
TEST_0497,0.5397189954096683
TEST_0498,0.6122810132563328
TEST_0499,0.5685926007645482
TEST_0500,0.5011915913960777
TEST_0501,0.49619489148147006
TEST_0502,0.5298544937685912
TEST_0503,0.5564189310075965
TEST_0504,0.5949049732586471
TEST_0505,0.49588713768835513
TEST_0506,0.7004334367706682
TEST_0507,0.547969036148053
TEST_0508,0.5432234675641515
TEST_0509,0.5620337448412921
TEST_0510,0.5186977680346091
TEST_0511,0.5444031936147127
TEST_0512,0.5980759606775734
TEST_0513,0.5849065899725001
TEST_0514,0.5689308128788795
TEST_0515,0.522526988066722
TEST_0516,0.5288056990385466
TEST_0517,0.5864042648370067
TEST_0518,0.47593633111123856
TEST_0519,0.46458044699778833
TEST_0520,0.47583889287758274
TEST_0521,0.46485709337229675
TEST_0522,0.40935431587072685
TEST_0523,0.5428876460873353
TEST_0524,0.6070909231763201
TEST_0525,0.43900417426919996
TEST_0526,0.5018174878169575
TEST_0527,0.5990445266699617
TEST_0528,0.4776634202322883
TEST_0529,0.5336149138333334
TEST_0530,0.5725528012518686
TEST_0531,0.46558954507611994
TEST_0532,0.41959947471426556
TEST_0533,0.48850687229022494
TEST_0534,0.5784050692347072
TEST_0535,0.5729704421234835
TEST_0536,0.6248923575343497
TEST_0537,0.5236727259634348
TEST_0538,0.44835291323029086
TEST_0539,0.5061802799985436
TEST_0540,0.5699499322262828
TEST_0541,0.537303277700645
TEST_0542,0.5015701408220341
TEST_0543,0.5205453084420734
TEST_0544,0.4585227283996947
TEST_0545,0.5303054152776738
TEST_0546,0.4949405412747415
TEST_0547,0.529821890087955
TEST_0548,0.5127287892055139
TEST_0549,0.6187363497930579
TEST_0550,0.48912520592564246
TEST_0551,0.48723348569373975
TEST_0552,0.6505271777708581
TEST_0553,0.5082366898063457
TEST_0554,0.513861376749511
TEST_0555,0.5407026211615987
TEST_0556,0.46210140897020496
TEST_0557,0.4174088951066172
TEST_0558,0.4984228105183613
TEST_0559,0.537157243288436
TEST_0560,0.5522439933339058
TEST_0561,0.5445778529495127
TEST_0562,0.5839327511980654
TEST_0563,0.4878126365417788
TEST_0564,0.4936917692357498
TEST_0565,0.5649985878715269
TEST_0566,0.6141705476294714
TEST_0567,0.5275442760048317
TEST_0568,0.5822982327209174
TEST_0569,0.4412148675193743
TEST_0570,0.5109799801526888
TEST_0571,0.5117878170649575
TEST_0572,0.4948916735869133
TEST_0573,0.48154938547415377
TEST_0574,0.4879079938520978
TEST_0575,0.5182517082558341
TEST_0576,0.5837908392164821
TEST_0577,0.4640376122813587
TEST_0578,0.318094240587976
TEST_0579,0.5364862291002719
TEST_0580,0.43777327693451457
TEST_0581,0.6800707255813035
TEST_0582,0.5344737890962272
TEST_0583,0.5327785418428931
TEST_0584,0.5480002361937266
TEST_0585,0.5462122608238652
TEST_0586,0.6105359291395545
TEST_0587,0.5571905682072644
TEST_0588,0.6195493162637922
TEST_0589,0.5344204448051804
TEST_0590,0.35527981545292736
TEST_0591,0.5840588847636465
TEST_0592,0.517497096075367
TEST_0593,0.5645925846882486
TEST_0594,0.5739922691048542
TEST_0595,0.5994863690268469
TEST_0596,0.47362092177465775
TEST_0597,0.5262470355973107
TEST_0598,0.7009943114520427
TEST_0599,0.5286336378143408
TEST_0600,0.6237435577658246
TEST_0601,0.6489269676849813
TEST_0602,0.6440962933132013
TEST_0603,0.6163621818925029
TEST_0604,0.5554015456173423
TEST_0605,0.5169532041179096
TEST_0606,0.5738592775464579
TEST_0607,0.7110794373354067
TEST_0608,0.44911498770984726
TEST_0609,0.5773794824918969
TEST_0610,0.4627475473398308
TEST_0611,0.4627515015527483
TEST_0612,0.5636881481535455
TEST_0613,0.5143958706637622
TEST_0614,0.45940926201698085
TEST_0615,0.4623543656578743
TEST_0616,0.4678176208649779
TEST_0617,0.5895573798766842
TEST_0618,0.5991979744682046
TEST_0619,0.5733769073878175
TEST_0620,0.5588413393848916
TEST_0621,0.5609345760185439
TEST_0622,0.5730544545173728
TEST_0623,0.6361721876967736
TEST_0624,0.5862964399686798
TEST_0625,0.7044542192207854
TEST_0626,0.4995841831582502
TEST_0627,0.5742803376571701
TEST_0628,0.5848759413205817
TEST_0629,0.48651013056126413
TEST_0630,0.5107261825620095
TEST_0631,0.5847118437547352
TEST_0632,0.5838226386741525
TEST_0633,0.639978814559669
TEST_0634,0.5271683582275628
TEST_0635,0.3953313810654455
TEST_0636,0.5142874154824101
TEST_0637,0.5519845166453216
TEST_0638,0.5585474893968951
TEST_0639,0.45306349750754993
TEST_0640,0.4448547095897653
TEST_0641,0.5879082203312911
TEST_0642,0.45733470788073227
TEST_0643,0.5632603855910786
TEST_0644,0.49088809569134445
TEST_0645,0.5267896506046266
TEST_0646,0.4623298218366524
TEST_0647,0.5452815650650266
TEST_0648,0.5199110102664751
TEST_0649,0.5035186721083927
TEST_0650,0.6576579536307166
TEST_0651,0.3700642101736025
TEST_0652,0.5330959789553876
TEST_0653,0.5834159922626668
TEST_0654,0.665891513594937
TEST_0655,0.5227340046482915
TEST_0656,0.6298257942365755
TEST_0657,0.4930844770196505
TEST_0658,0.5435993648911017
TEST_0659,0.6259023750821631
TEST_0660,0.5624578854437201
TEST_0661,0.4140173215094185
TEST_0662,0.5521529570078456
TEST_0663,0.5702478821496658
TEST_0664,0.5879220980944252
TEST_0665,0.5562575667414641
TEST_0666,0.4041410399360645
TEST_0667,0.5009827171706188
TEST_0668,0.579183770743288
TEST_0669,0.7590869477634264
TEST_0670,0.6391606895557089
TEST_0671,0.5480018956990245
TEST_0672,0.6147362196378794
TEST_0673,0.5174076639057363
TEST_0674,0.5128575071522169
TEST_0675,0.5532256250975706
TEST_0676,0.517549185222569
TEST_0677,0.5475788710445406
TEST_0678,0.5153846944279531
TEST_0679,0.5284820054529934
TEST_0680,0.5134532245050695
TEST_0681,0.5962966357313616
TEST_0682,0.4100538488718856
TEST_0683,0.5064534290893838
TEST_0684,0.619990051831035
TEST_0685,0.498425443188778
TEST_0686,0.5181534020393626
TEST_0687,0.518272145826103
TEST_0688,0.5799688548241012
TEST_0689,0.594338069655911
TEST_0690,0.4706480435010631
TEST_0691,0.582241334574647
TEST_0692,0.5309811037924215
TEST_0693,0.4919438993771363
TEST_0694,0.5547011280898069
TEST_0695,0.49149786013314617
TEST_0696,0.40670832254312755
TEST_0697,0.5081842752286739
TEST_0698,0.5505344620964926
TEST_0699,0.4734388899244212
TEST_0700,0.519546066195951
TEST_0701,0.5972208326601812
TEST_0702,0.543048595321221
TEST_0703,0.4420414639593181
TEST_0704,0.4945119754189697
TEST_0705,0.6024269384582364
TEST_0706,0.5784419734064733
TEST_0707,0.4847710276780454
TEST_0708,0.4728021522488882
TEST_0709,0.47964657471206296
TEST_0710,0.5195349048951848
TEST_0711,0.5128437581332846
TEST_0712,0.43170024959108366
TEST_0713,0.5475122483523351
TEST_0714,0.49541029293838135
TEST_0715,0.5015284321259518
TEST_0716,0.4774785825417699
TEST_0717,0.5454115820640253
TEST_0718,0.5634600048501395
TEST_0719,0.6004132098134521
TEST_0720,0.6272531978797057
TEST_0721,0.539308540387183
TEST_0722,0.5373893426750362
TEST_0723,0.5847930249755628
TEST_0724,0.6231842741761016
TEST_0725,0.5885463805102797
TEST_0726,0.6214926834348198
TEST_0727,0.6394426674156188
TEST_0728,0.5598103106733908
TEST_0729,0.6830278405744621
TEST_0730,0.5603303569193023
TEST_0731,0.5304571743872879
TEST_0732,0.6430028284110021
TEST_0733,0.5535262529587139
TEST_0734,0.5569387051672477
TEST_0735,0.49738171732131126
TEST_0736,0.5168969428253408
TEST_0737,0.5372629725631395
TEST_0738,0.54919295426396
TEST_0739,0.5125544802628955
TEST_0740,0.4625107820557109
TEST_0741,0.563619466453775
TEST_0742,0.4756049705988461
TEST_0743,0.4509778999417233
TEST_0744,0.5196199665235816
TEST_0745,0.599992577620439
TEST_0746,0.5386797754272125
TEST_0747,0.6282199464329439
TEST_0748,0.5001582172240909
TEST_0749,0.43588714682288365
TEST_0750,0.6253307937923528
TEST_0751,0.5616341002001857
TEST_0752,0.4247096194879293
TEST_0753,0.6212531190545645
TEST_0754,0.5102642074892983
TEST_0755,0.5188709637724692
TEST_0756,0.6016297875445703
TEST_0757,0.5204026632588649
TEST_0758,0.5984470466757957
TEST_0759,0.42310393178649863
TEST_0760,0.5669670725736012
TEST_0761,0.4664547146249115
TEST_0762,0.42780663179471584
TEST_0763,0.464399520264685
TEST_0764,0.5461673652025824
TEST_0765,0.5489959129849431
TEST_0766,0.5730566127397785
TEST_0767,0.508851898834989
TEST_0768,0.6219402118957296
TEST_0769,0.48802703905575495
TEST_0770,0.5744639275251003
TEST_0771,0.5084627282123949
TEST_0772,0.6320785140634042
TEST_0773,0.45567560701158205
TEST_0774,0.5242237501429172
TEST_0775,0.4826959924590638
TEST_0776,0.500376068233761
TEST_0777,0.5682513737576035
TEST_0778,0.5340418446518123
TEST_0779,0.5166015059066775
TEST_0780,0.6508269829911267
TEST_0781,0.5163916134098655
TEST_0782,0.49779902992155706
TEST_0783,0.5653278873134768
TEST_0784,0.45977562370160163
TEST_0785,0.4584805894407115
TEST_0786,0.39081275899665735
TEST_0787,0.5228050843307834
TEST_0788,0.5504872531674572
TEST_0789,0.502289019294068
TEST_0790,0.4806129580246034
TEST_0791,0.5673482421275065
TEST_0792,0.5959385643158402
TEST_0793,0.46855639360183193
TEST_0794,0.4342606795760693
TEST_0795,0.5083308489434163
TEST_0796,0.46562424545354675
TEST_0797,0.5955623558173847
TEST_0798,0.46280669503026944
TEST_0799,0.5954113229455653
TEST_0800,0.6285018063761243
TEST_0801,0.5359343103175935
TEST_0802,0.565542020362729
TEST_0803,0.5948260611599441
TEST_0804,0.5374913708891196
TEST_0805,0.578226095828764
TEST_0806,0.5604210282889569
TEST_0807,0.5638805665266903
TEST_0808,0.465910884999397
TEST_0809,0.5562535908883973
TEST_0810,0.4609246010949443
TEST_0811,0.4530227232069546
TEST_0812,0.48712922275635273
TEST_0813,0.5039814541033476
TEST_0814,0.5027403981267948
TEST_0815,0.5596362982988734
TEST_0816,0.44086702565130215
TEST_0817,0.5743572360696145
TEST_0818,0.7066847612054612
TEST_0819,0.4196091773666832
TEST_0820,0.4912129145938239
TEST_0821,0.6371965332414282
TEST_0822,0.5411880435815619
TEST_0823,0.5197425049326012
TEST_0824,0.48316791577530394
TEST_0825,0.31121988184648164
TEST_0826,0.4999753989651615
TEST_0827,0.5451167918999
TEST_0828,0.47801225977408784
TEST_0829,0.470606480557034
TEST_0830,0.5499317041046762
TEST_0831,0.39227214265277127
TEST_0832,0.5169408550804155
TEST_0833,0.5528723278542266
TEST_0834,0.5107438196852824
TEST_0835,0.6101284869424318
TEST_0836,0.631974790022427
TEST_0837,0.5152793509013792
TEST_0838,0.5536683635296993
TEST_0839,0.5760089165571936
TEST_0840,0.5515218258605915
TEST_0841,0.5540038866019534
TEST_0842,0.4912247103265031
TEST_0843,0.5578645096116591
TEST_0844,0.6070481471428038
TEST_0845,0.6019798759193289
TEST_0846,0.5327961350533289
TEST_0847,0.5241645331393266
TEST_0848,0.49569542486526474
TEST_0849,0.523480425030906
TEST_0850,0.46740958302522867
TEST_0851,0.5574456501429215
TEST_0852,0.4988300306538612
TEST_0853,0.5478583957077867
TEST_0854,0.49815452260339643
TEST_0855,0.5770064081387617
TEST_0856,0.5376783251719395
TEST_0857,0.5059118924379475
TEST_0858,0.4493474792198195
TEST_0859,0.5433290770895982
TEST_0860,0.48700624358694966
TEST_0861,0.5930632326011852
TEST_0862,0.5520044604304232
TEST_0863,0.54797698951723
TEST_0864,0.4889345794508722
TEST_0865,0.5157375180378765
TEST_0866,0.49677986174703537
TEST_0867,0.5378868367650118
TEST_0868,0.6287040215163511
TEST_0869,0.5638431435190291
TEST_0870,0.5693883412930858
TEST_0871,0.514108115066535
TEST_0872,0.5249002963878352
TEST_0873,0.6218805845280378
TEST_0874,0.5891857588111485
TEST_0875,0.6325797170586744
TEST_0876,0.5154559796189134
TEST_0877,0.5849128330793855
TEST_0878,0.37757673770139166
TEST_0879,0.4863841780683259
TEST_0880,0.49881752562506926
TEST_0881,0.5696361933068015
TEST_0882,0.5600318082414861
TEST_0883,0.4871536886605798
TEST_0884,0.6475703221834999
TEST_0885,0.5050295937332979
TEST_0886,0.6537780984346301
TEST_0887,0.44278159418649893
TEST_0888,0.5042465521619024
TEST_0889,0.5774068553944796
TEST_0890,0.5101654741416801
TEST_0891,0.444434059555301
TEST_0892,0.47300777872126964
TEST_0893,0.5673625395111181
TEST_0894,0.5250746989003053
TEST_0895,0.5002739919694923
TEST_0896,0.5874296316808735
TEST_0897,0.5693816667863737
TEST_0898,0.5300668350255182
TEST_0899,0.39867032473517094
TEST_0900,0.4700725534504566
TEST_0901,0.5132555614001392
TEST_0902,0.4791237965647132
TEST_0903,0.3518529673465169
TEST_0904,0.42776476924452567
TEST_0905,0.4837341193306042
TEST_0906,0.5437578037609648
TEST_0907,0.5827281046462806
TEST_0908,0.5562982947061927
TEST_0909,0.47847098613934086
TEST_0910,0.5476888131233156
TEST_0911,0.5261520877457858
TEST_0912,0.5295506627533538
TEST_0913,0.46916654460576535
TEST_0914,0.4100254616586303
TEST_0915,0.5051351777201915
TEST_0916,0.551664966465804
TEST_0917,0.5570951595656478
TEST_0918,0.5148835013610641
TEST_0919,0.5382973061809928
TEST_0920,0.5416831775530832
TEST_0921,0.49716843593572463
TEST_0922,0.5599822496990379
TEST_0923,0.5175414167134574
TEST_0924,0.6264579273318692
TEST_0925,0.49993383706357414
TEST_0926,0.5889050479339466
TEST_0927,0.5401495043567895
TEST_0928,0.5014060832614171
TEST_0929,0.6151367541110668
TEST_0930,0.5515618907264886
TEST_0931,0.6270799425650992
TEST_0932,0.4792993586452805
TEST_0933,0.5290844500848692
TEST_0934,0.6103756156207382
TEST_0935,0.46503987254313905
TEST_0936,0.6664233699886203
TEST_0937,0.5652507678951394
TEST_0938,0.4826735909847568
TEST_0939,0.5034412784146245
TEST_0940,0.3955139507634209
TEST_0941,0.41605840692732554
TEST_0942,0.5273147894166781
TEST_0943,0.626014440406649
TEST_0944,0.5799734051322404
TEST_0945,0.5069104346972367
TEST_0946,0.5776294708732004
TEST_0947,0.5721334093982748
TEST_0948,0.44343344923268035
TEST_0949,0.5420167399400654
TEST_0950,0.523541117279183
TEST_0951,0.5094461219550079
TEST_0952,0.5799330471980061
TEST_0953,0.5419521224747333
TEST_0954,0.4980763057226388
TEST_0955,0.6412478858462395
TEST_0956,0.7183261687190358
TEST_0957,0.6069060224994068
TEST_0958,0.4123970672623494
TEST_0959,0.5422040508421649
TEST_0960,0.44364631391713905
TEST_0961,0.5000822789732366
TEST_0962,0.5412923502821491
TEST_0963,0.49852551287346597
TEST_0964,0.6512815210262649
TEST_0965,0.4648534312235722
TEST_0966,0.5668132214003287
TEST_0967,0.47470947238157996
TEST_0968,0.4979596989432944
TEST_0969,0.5377202285209244
TEST_0970,0.5471212047225193
TEST_0971,0.6212821388749392
TEST_0972,0.3747876168050812
TEST_0973,0.5256511037657248
TEST_0974,0.5734078090057694
TEST_0975,0.4240136789650799
TEST_0976,0.5435882895599587
TEST_0977,0.46562675282803
TEST_0978,0.4820781680835327
TEST_0979,0.5691198751063522
TEST_0980,0.5536154386361104
TEST_0981,0.5358237863980367
TEST_0982,0.5505169520363271
TEST_0983,0.2525090902888958
TEST_0984,0.45460417448955126
TEST_0985,0.520166990083075
TEST_0986,0.5412879733999629
TEST_0987,0.3986974124335798
TEST_0988,0.5948564782661745
TEST_0989,0.4592591582820913
TEST_0990,0.48424857139456345
TEST_0991,0.5839955043836133
TEST_0992,0.5968949997255409
TEST_0993,0.5564387133666393
TEST_0994,0.3033045209284722
TEST_0995,0.5873121679758369
TEST_0996,0.4812296010132695
TEST_0997,0.5682452064783403
TEST_0998,0.4270870452129449
TEST_0999,0.44531116784283775
TEST_1000,0.5331065695846502
TEST_1001,0.5451153065436377
TEST_1002,0.5241262971797733
TEST_1003,0.5658123856840194
TEST_1004,0.5323291220130709
TEST_1005,0.5888769739144875
TEST_1006,0.5368431826273498
TEST_1007,0.535477200993727
TEST_1008,0.6218532408432325
TEST_1009,0.5918700141049686
TEST_1010,0.6048495351960298
TEST_1011,0.5582873738260239
TEST_1012,0.5423664046146737
TEST_1013,0.6429421424455135
TEST_1014,0.4786242607992658
TEST_1015,0.5888900434483136
TEST_1016,0.47869219284667974
TEST_1017,0.4046706058433658
TEST_1018,0.59267637417685
TEST_1019,0.48136073748995245
TEST_1020,0.4988369556031986
TEST_1021,0.48978886269982
TEST_1022,0.5483861320810067
TEST_1023,0.4787655558331813
TEST_1024,0.48846031661825823
TEST_1025,0.5648371966319373
TEST_1026,0.5410011611117915
TEST_1027,0.4132328065054329
TEST_1028,0.6489041386736594
TEST_1029,0.5584985641783898
TEST_1030,0.6124130514598053
TEST_1031,0.5420458120298477
TEST_1032,0.48030253294174685
TEST_1033,0.5368422086958088
TEST_1034,0.5892593595565956
TEST_1035,0.510039062202272
TEST_1036,0.618142262771177
TEST_1037,0.5253588453794191
TEST_1038,0.5561497826894476
TEST_1039,0.4343404209185981
TEST_1040,0.551276009192221
TEST_1041,0.5056693184074822
TEST_1042,0.5680620665441342
TEST_1043,0.5702399734511874
TEST_1044,0.4702700145800883
TEST_1045,0.5983031318680325
TEST_1046,0.508318809573093
TEST_1047,0.5645493795600054
TEST_1048,0.5529894541223089
TEST_1049,0.5058856166933912
TEST_1050,0.4344013322367841
TEST_1051,0.5464335581480614
TEST_1052,0.5077369239869017
TEST_1053,0.6116586738132406
TEST_1054,0.41442499780087005
TEST_1055,0.4988624495003725
TEST_1056,0.42782757704988883
TEST_1057,0.4836970213402336
TEST_1058,0.4702668336517353
TEST_1059,0.6422822068614027
TEST_1060,0.6099213295875149
TEST_1061,0.4783502338231937
TEST_1062,0.637496970974556
TEST_1063,0.6377573359221126
TEST_1064,0.5375715063936873
TEST_1065,0.4996896870649211
TEST_1066,0.508696551032253
TEST_1067,0.6012083405695039
TEST_1068,0.5042098284013593
TEST_1069,0.5569805649358066
TEST_1070,0.556143410364851
TEST_1071,0.5823848571075093
TEST_1072,0.5439125559871919
TEST_1073,0.5435303844663193
TEST_1074,0.5371242007164487
TEST_1075,0.5625850422827252
TEST_1076,0.5780760041705127
TEST_1077,0.5340741690714337
TEST_1078,0.6128771478059248
TEST_1079,0.5826442950869671
TEST_1080,0.5304161719518345
TEST_1081,0.5941561006221896
TEST_1082,0.5422721458885491
TEST_1083,0.5224989585364308
TEST_1084,0.4809062772574669
TEST_1085,0.5570560987355022
TEST_1086,0.6185126291219654
TEST_1087,0.3450747995099735
TEST_1088,0.5454509250426582
TEST_1089,0.556217585115332
TEST_1090,0.4637462307188079
TEST_1091,0.5057436350954365
TEST_1092,0.5581090584675357
TEST_1093,0.5732314386326133
TEST_1094,0.5107752787701217
TEST_1095,0.5743195647847796
TEST_1096,0.5880735687794494
TEST_1097,0.5485162566078332
TEST_1098,0.5267216715804381
TEST_1099,0.46123169955699056
TEST_1100,0.6332550783818139
TEST_1101,0.5283128472796629
TEST_1102,0.5463011529686875
TEST_1103,0.6246970196838101
TEST_1104,0.6536230070629533
TEST_1105,0.4659630796059707
TEST_1106,0.561895638012065
TEST_1107,0.4662527634892975
TEST_1108,0.47551758899162794
TEST_1109,0.49352892758094824
TEST_1110,0.599468523980287
TEST_1111,0.5800598122348717
TEST_1112,0.6073917223797026
TEST_1113,0.5615465275418876
TEST_1114,0.49460817395431766
TEST_1115,0.5708444095046082
TEST_1116,0.6308616557215097
TEST_1117,0.5178980757341194
TEST_1118,0.5437980929422546
TEST_1119,0.48542108035321085
TEST_1120,0.4515756240234775
TEST_1121,0.549280333600048
TEST_1122,0.5280464920099932
TEST_1123,0.5557534393516784
TEST_1124,0.41629400275933576
TEST_1125,0.47911539493194366
TEST_1126,0.5111667597419018
TEST_1127,0.46081630812756125
TEST_1128,0.6166147274891022
TEST_1129,0.43367369183743554
TEST_1130,0.5489548115803731
TEST_1131,0.3646568412524853
TEST_1132,0.449786707344848
TEST_1133,0.47895290679039093
TEST_1134,0.5805541071760393
TEST_1135,0.5067378826540752
TEST_1136,0.5868967823633211
TEST_1137,0.39794502868147114
TEST_1138,0.4015999963291955
TEST_1139,0.5107729575336863
TEST_1140,0.5845366569886031
TEST_1141,0.48232474097962347
TEST_1142,0.5397411808230488
TEST_1143,0.5540478872429652
TEST_1144,0.48414148423802206
TEST_1145,0.5111833693289524
TEST_1146,0.5031864441187064
TEST_1147,0.4939174071558192
TEST_1148,0.5020936102043116
TEST_1149,0.4972512915817592
TEST_1150,0.481122444516815
TEST_1151,0.5705651502395629
TEST_1152,0.5751360572564079
TEST_1153,0.49963109837303366
TEST_1154,0.522044575357499
TEST_1155,0.6365107443862409
TEST_1156,0.5084796215552646
TEST_1157,0.4741486238990466
TEST_1158,0.5018399879451778
TEST_1159,0.46825960986172943
TEST_1160,0.5433951886434383
TEST_1161,0.535253473960178
TEST_1162,0.4695577667873434
TEST_1163,0.5686115227914758
TEST_1164,0.5692229569552729
TEST_1165,0.6997831052672172
TEST_1166,0.560667126594377
TEST_1167,0.5489195744481167
TEST_1168,0.5476859628693724
TEST_1169,0.6148585564602715
TEST_1170,0.4394001624891256
TEST_1171,0.5749780834150784
TEST_1172,0.6263333909519317
TEST_1173,0.48301128883265393
TEST_1174,0.46047041035359026
TEST_1175,0.6179134191783742
TEST_1176,0.5355547501800645
TEST_1177,0.5490814188920731
TEST_1178,0.5819243469433416
TEST_1179,0.5397290289820826
TEST_1180,0.5306270007840967
TEST_1181,0.5279639479652202
TEST_1182,0.48840563315529006
TEST_1183,0.5923536356509373
TEST_1184,0.5014442498616299
TEST_1185,0.49286345715397245
TEST_1186,0.4457005553917883
TEST_1187,0.5727673445829857
TEST_1188,0.581214966750822
TEST_1189,0.6023316817167781
TEST_1190,0.5341414970715603
TEST_1191,0.5435326575441438
TEST_1192,0.4790031232374593
TEST_1193,0.6515646864356801
TEST_1194,0.5198161880684466
TEST_1195,0.45790733955849827
TEST_1196,0.48239451003250844
TEST_1197,0.540212844329961
TEST_1198,0.5139488916122147
TEST_1199,0.5386228683510071
TEST_1200,0.5341231023417914
TEST_1201,0.5055981502072521
TEST_1202,0.4978577624438244
TEST_1203,0.5779764211613322
TEST_1204,0.5196152691285119
TEST_1205,0.5165778400261374
TEST_1206,0.5776933037008541
TEST_1207,0.4672485096567413
TEST_1208,0.5467565494030386
TEST_1209,0.4465715314043195
TEST_1210,0.5501189557774081
TEST_1211,0.47644544285631446
TEST_1212,0.48267536714947556
TEST_1213,0.46572381685339137
TEST_1214,0.531360210540713
TEST_1215,0.34201059496027925
TEST_1216,0.45064724229984426
TEST_1217,0.455532725551185
TEST_1218,0.6604608347892997
TEST_1219,0.6105016763090005
TEST_1220,0.44451997027096735
TEST_1221,0.5850408294906787
TEST_1222,0.5355395896538998
TEST_1223,0.5004987916538176
TEST_1224,0.47259575889338584
TEST_1225,0.5032919609698423
TEST_1226,0.4503064836365162
TEST_1227,0.5479878595056956
TEST_1228,0.6009279378549639
TEST_1229,0.5855945976125598
TEST_1230,0.5226337314921383
TEST_1231,0.6113070065200331
TEST_1232,0.335431342007915
TEST_1233,0.5810309932334279
TEST_1234,0.5613528047181471
TEST_1235,0.6335245454374282
TEST_1236,0.49946284750308145
TEST_1237,0.4336906661957586
TEST_1238,0.5004850665469127
TEST_1239,0.5101069705448683
TEST_1240,0.4893976666009148
TEST_1241,0.5355677347623005
TEST_1242,0.4586346825769464
TEST_1243,0.5593523831354191
TEST_1244,0.5097824007359046
TEST_1245,0.5976829004905343
TEST_1246,0.4673848244940033
TEST_1247,0.4329537214829029
TEST_1248,0.5021357529127611
TEST_1249,0.507991551673739
TEST_1250,0.5956364868583183
TEST_1251,0.4963922680780895
TEST_1252,0.5608771629226508
TEST_1253,0.4837733514178673
TEST_1254,0.46497167574017934
TEST_1255,0.5437515269325047
TEST_1256,0.5988622405828969
TEST_1257,0.5610723137852369
TEST_1258,0.518485714682553
TEST_1259,0.6139989914891208
TEST_1260,0.5933839101432304
TEST_1261,0.5418115219649693
TEST_1262,0.718323694881388
TEST_1263,0.5989284497432916
TEST_1264,0.5202593550663035
TEST_1265,0.5212182920033059
TEST_1266,0.5169702056246465
TEST_1267,0.5056691025644215
TEST_1268,0.6208314978766285
TEST_1269,0.6511433840207193
TEST_1270,0.5622726409559954
TEST_1271,0.629422851082179
TEST_1272,0.591840221481996
TEST_1273,0.481247145651065
TEST_1274,0.4896202321059827
TEST_1275,0.5300441742939863
TEST_1276,0.6230460174824448
TEST_1277,0.5538051145836902
TEST_1278,0.5417165900641288
TEST_1279,0.43765524930132066
TEST_1280,0.5584770431548594
TEST_1281,0.6092622536314269
TEST_1282,0.49342241125402864
TEST_1283,0.6110643261435703
TEST_1284,0.48347289764876167
TEST_1285,0.5698049447605005
TEST_1286,0.6223017584949865
TEST_1287,0.5542178126218055
TEST_1288,0.5643677979643954
TEST_1289,0.43927376888695274
TEST_1290,0.4721950026013897
TEST_1291,0.5440607605111428
TEST_1292,0.5653502179764421
TEST_1293,0.4547081664516387
TEST_1294,0.5972539685682714
TEST_1295,0.5485073702155416
TEST_1296,0.6317240652571047
TEST_1297,0.5268980469445228
TEST_1298,0.4615341312131697
TEST_1299,0.5507508932396183
TEST_1300,0.5180380770042806
TEST_1301,0.6411743445967433
TEST_1302,0.5684743845197618
TEST_1303,0.4665891748478911
TEST_1304,0.5099351519209966
TEST_1305,0.5359501853082961
TEST_1306,0.5812477319379938
TEST_1307,0.5890727982241509
TEST_1308,0.4821933312244778
TEST_1309,0.5567845376981807
TEST_1310,0.4591974249308648
TEST_1311,0.47392156038175093
TEST_1312,0.5634787935320321
TEST_1313,0.46349919423199065
TEST_1314,0.5734629011920537
TEST_1315,0.4592896843498018
TEST_1316,0.5211659181037072
TEST_1317,0.5300353502652038
TEST_1318,0.6171821570124859
TEST_1319,0.5609202897145246
TEST_1320,0.5366725463520173
TEST_1321,0.5792551515970321
TEST_1322,0.542956927856066
TEST_1323,0.48287714954454664
TEST_1324,0.47600721475573116
TEST_1325,0.5701512275165177
TEST_1326,0.5260893904683841
TEST_1327,0.5990701158185616
TEST_1328,0.48613700935745563
TEST_1329,0.5083831713733676
TEST_1330,0.691862501724167
TEST_1331,0.4789067015434467
TEST_1332,0.5007382717157884
TEST_1333,0.4981649377325218
TEST_1334,0.3721642273991829
TEST_1335,0.5401831894725583
TEST_1336,0.5388326362075595
TEST_1337,0.5319789270609334
TEST_1338,0.5672645860084338
TEST_1339,0.558432324797118
TEST_1340,0.5140513624151504
TEST_1341,0.47256138899533634
TEST_1342,0.5571188388634756
TEST_1343,0.6192607689940401
TEST_1344,0.5180819239590626
TEST_1345,0.6025927281541925
TEST_1346,0.4896976092385657
TEST_1347,0.5128012189645328
TEST_1348,0.3990180848757988
TEST_1349,0.4566480177328918
TEST_1350,0.5359147747062439
TEST_1351,0.5831380435532697
TEST_1352,0.5010549760428438
TEST_1353,0.5422799654171929
TEST_1354,0.5630436450984274
TEST_1355,0.6299212658278921
TEST_1356,0.53831789633793
TEST_1357,0.5928841406550832
TEST_1358,0.4934881301760203
TEST_1359,0.5089675076238989
TEST_1360,0.5522911647275425
TEST_1361,0.5975523598226847
TEST_1362,0.4865088532787125
TEST_1363,0.5398596002523497
TEST_1364,0.5374926299792513
TEST_1365,0.4680674169115674
TEST_1366,0.5047140036435135
TEST_1367,0.5296052301944658
TEST_1368,0.5340680784961529
TEST_1369,0.5361367139044084
TEST_1370,0.4516868861801101
TEST_1371,0.562330682550768
TEST_1372,0.531107577652647
TEST_1373,0.5458220832923995
TEST_1374,0.43751339909201653
TEST_1375,0.5206487096805953
TEST_1376,0.5930620707348869
TEST_1377,0.5170051342576838
TEST_1378,0.5702162884844524
TEST_1379,0.6773772562493887
TEST_1380,0.4394076698661421
TEST_1381,0.5487227718691143
TEST_1382,0.5612672711761767
TEST_1383,0.5879087486777749
TEST_1384,0.5322568757188701
TEST_1385,0.4868479066306441
TEST_1386,0.518758569313877
TEST_1387,0.5867764978054559
TEST_1388,0.4824846831988333
TEST_1389,0.5999343686561127
TEST_1390,0.4781229540606896
TEST_1391,0.5399970109647889
TEST_1392,0.3416939226508643
TEST_1393,0.5573675038401671
TEST_1394,0.5154519694894398
TEST_1395,0.45705019377930545
TEST_1396,0.5728485667072587
TEST_1397,0.49531112603743976
TEST_1398,0.588705627372845
TEST_1399,0.6162382099601762
TEST_1400,0.5557763106267419
TEST_1401,0.6006758226502857
TEST_1402,0.482296023568594
TEST_1403,0.5784202148272457
TEST_1404,0.4836025587255762
TEST_1405,0.5554873714202975
TEST_1406,0.4863835253627694
TEST_1407,0.4802987936491789
TEST_1408,0.4862705423085476
TEST_1409,0.41159571052982
TEST_1410,0.5754568605858154
TEST_1411,0.5099013341189682
TEST_1412,0.567580210994004
TEST_1413,0.45300100916972447
TEST_1414,0.5317574464088799
TEST_1415,0.5678866461036698
TEST_1416,0.5524370653387661
TEST_1417,0.5333753439496577
TEST_1418,0.6010273849353467
TEST_1419,0.5132098176276728
TEST_1420,0.47016214962572467
TEST_1421,0.6236091754420829
TEST_1422,0.4068365467561261
TEST_1423,0.5785458164968188
TEST_1424,0.5317573359686574
TEST_1425,0.44509155111846105
TEST_1426,0.5693859198634839
TEST_1427,0.5490912564330878
TEST_1428,0.5125053650571537
TEST_1429,0.5362859230543728
TEST_1430,0.6297940578731028
TEST_1431,0.5433541144684695
TEST_1432,0.48692665606790464
TEST_1433,0.4673666901209696
TEST_1434,0.4799482239394753
TEST_1435,0.46473036240081983
TEST_1436,0.39699310129179366
TEST_1437,0.6071396124636204
TEST_1438,0.522249779353212
TEST_1439,0.5979355111436633
TEST_1440,0.5922105289134877
TEST_1441,0.4758447667892659
TEST_1442,0.5698336620810592
TEST_1443,0.45945913438440666
TEST_1444,0.3859909993376616
TEST_1445,0.4760642629085603
TEST_1446,0.6295192633919344
TEST_1447,0.5106064810082319
TEST_1448,0.5275789358398039
TEST_1449,0.46373364835877573
TEST_1450,0.7418970475266552
TEST_1451,0.5611705162276215
TEST_1452,0.44913524319511217
TEST_1453,0.42810878133789787
TEST_1454,0.4282227093696388
TEST_1455,0.4080767135437303
TEST_1456,0.6232745673392873
TEST_1457,0.5253717931733703
TEST_1458,0.4274057455586082
TEST_1459,0.5133822014221503
TEST_1460,0.5851049379283028
TEST_1461,0.5977477862219135
TEST_1462,0.4239964675935301
TEST_1463,0.5107847678983343
TEST_1464,0.5756971980216067
TEST_1465,0.6011854353637988
TEST_1466,0.6109300256960096
TEST_1467,0.5813298313353893
TEST_1468,0.5304394508647438
TEST_1469,0.5702230897085621
TEST_1470,0.48919854981615396
TEST_1471,0.5153376406227251
TEST_1472,0.4345310524705377
TEST_1473,0.5091544027474275
TEST_1474,0.6363265568049726
TEST_1475,0.562918080778125
TEST_1476,0.6246151641234947
TEST_1477,0.6219329236812413
TEST_1478,0.4969818500775248
TEST_1479,0.5876664831666082
TEST_1480,0.5767780178318525
TEST_1481,0.35827364438908427
TEST_1482,0.5526428555809286
TEST_1483,0.5432194766164535
TEST_1484,0.4705441640531578
TEST_1485,0.6015358256390618
TEST_1486,0.621478676306749
TEST_1487,0.48142472147974236
TEST_1488,0.5874395348572454
TEST_1489,0.5198740194108139
TEST_1490,0.5236918689769376
TEST_1491,0.5492549823576847
TEST_1492,0.5396508241786739
TEST_1493,0.5853539202010927
TEST_1494,0.581739500547631
TEST_1495,0.543259067801898
TEST_1496,0.4458936570262052
TEST_1497,0.5013327681851325
TEST_1498,0.6357762852782618
TEST_1499,0.6643679572573495
TEST_1500,0.6387733559084292
TEST_1501,0.6039932360347263
TEST_1502,0.448893608711062
TEST_1503,0.3931277488797559
TEST_1504,0.6781859479038657
TEST_1505,0.46075038792624035
TEST_1506,0.45206529831961045
TEST_1507,0.5788716320184292
TEST_1508,0.5628612270268047
TEST_1509,0.43353511000645684
TEST_1510,0.48325573200495786
TEST_1511,0.5601887927432597
TEST_1512,0.5251939768349402
TEST_1513,0.6228670931518823
TEST_1514,0.5311009113499208
TEST_1515,0.4861978258578282
TEST_1516,0.48014470661665287
TEST_1517,0.5135855248938321
TEST_1518,0.6387869543658533
TEST_1519,0.542294823080686
TEST_1520,0.5725413374361006
TEST_1521,0.5365937885267674
TEST_1522,0.5483768299894691
TEST_1523,0.44149323316488204
TEST_1524,0.5700537797414894
TEST_1525,0.4945122487105994
TEST_1526,0.5049889796942756
TEST_1527,0.5514426111734194
TEST_1528,0.5121054446590484
TEST_1529,0.44736187047453807
TEST_1530,0.5913616259212102
TEST_1531,0.5274182089264539
TEST_1532,0.5624272178607433
TEST_1533,0.485103029898782
TEST_1534,0.5679449278390551
TEST_1535,0.5719288663837853
TEST_1536,0.5151246114414264
TEST_1537,0.6033109529729301
TEST_1538,0.7064603336162771
TEST_1539,0.5340976961162766
TEST_1540,0.6777073655438889
TEST_1541,0.546438784709285
TEST_1542,0.5566647522847834
TEST_1543,0.56109193678744
TEST_1544,0.644172892225084
TEST_1545,0.5449708867473528
TEST_1546,0.5841309335978309
TEST_1547,0.4633868745567015
TEST_1548,0.5637298777404339
TEST_1549,0.6340847116383155
TEST_1550,0.6147636695337959
TEST_1551,0.49945525939480306
TEST_1552,0.5145134899406568
TEST_1553,0.5529008943449092
TEST_1554,0.5878987253251531
TEST_1555,0.5267681571847475
TEST_1556,0.5189521928780501
TEST_1557,0.5054426274991164
TEST_1558,0.5214084283424703
TEST_1559,0.5355952321345682
TEST_1560,0.4841845413364331
TEST_1561,0.47881707750582214
TEST_1562,0.4760763470573735
TEST_1563,0.5415573636649333
TEST_1564,0.5680932781721618
TEST_1565,0.5896818946127902
TEST_1566,0.5159263642379155
TEST_1567,0.4596896300506683
TEST_1568,0.6212478533949958
TEST_1569,0.5920677700419926
TEST_1570,0.47590073035809066
TEST_1571,0.539269115274866
TEST_1572,0.46086668417299154
TEST_1573,0.6682690356761889
TEST_1574,0.5524271970164546
TEST_1575,0.6313020635515332
TEST_1576,0.5468536055398566
TEST_1577,0.6181863767667762
TEST_1578,0.4759124134534039
TEST_1579,0.5350728632130237
TEST_1580,0.5871670481124852
TEST_1581,0.614084545977258
TEST_1582,0.6033994285543547
TEST_1583,0.5877736689999914
TEST_1584,0.487469277393596
TEST_1585,0.6215150127559219
TEST_1586,0.5351039210765642
TEST_1587,0.4181728011657875
TEST_1588,0.5774852366257882
TEST_1589,0.47066461125534187
TEST_1590,0.4985538948051845
TEST_1591,0.49643866237991063
TEST_1592,0.62678616647911
TEST_1593,0.3605512542418402
TEST_1594,0.5754812424686522
TEST_1595,0.515732633446368
TEST_1596,0.5669247057977344
TEST_1597,0.497572278319261
TEST_1598,0.7206865243843052
TEST_1599,0.5281083563813435
TEST_1600,0.5442823203777178
TEST_1601,0.4459074393369267
TEST_1602,0.5579436061428316
TEST_1603,0.31240969052414264
TEST_1604,0.3796057895486913
TEST_1605,0.5389515256441009
TEST_1606,0.5643591887908781
TEST_1607,0.5710580299600186
TEST_1608,0.4469075267045602
TEST_1609,0.47777912479462714
TEST_1610,0.5130508587034301
TEST_1611,0.530416627658864
TEST_1612,0.5223022891745973
TEST_1613,0.46715461441557876
TEST_1614,0.6143054653464507
TEST_1615,0.5267166254690667
TEST_1616,0.6781097206553375
TEST_1617,0.5145029029187693
TEST_1618,0.5516683832717522
TEST_1619,0.5127328428487167
TEST_1620,0.4779829805564021
TEST_1621,0.5450843445850537
TEST_1622,0.5373821119641439
TEST_1623,0.5419562468833603
TEST_1624,0.5607442757686432
TEST_1625,0.4493227237937455
TEST_1626,0.5552232913563155
TEST_1627,0.5521672892357032
TEST_1628,0.46248659952212057
TEST_1629,0.5162648687194996
TEST_1630,0.6261635714332462
TEST_1631,0.5092686310137443
TEST_1632,0.4457217196822205
TEST_1633,0.4843943678178709
TEST_1634,0.6674364632344802
TEST_1635,0.5598999729027219
TEST_1636,0.53750923490108
TEST_1637,0.493850089148807
TEST_1638,0.5560258668100972
TEST_1639,0.5584747757492051
TEST_1640,0.6763495837824667
TEST_1641,0.5662102948168392
TEST_1642,0.5091228614977041
TEST_1643,0.4961277055250071
TEST_1644,0.5622694036647587
TEST_1645,0.574161612760172
TEST_1646,0.6589274741522941
TEST_1647,0.6010091018858293
TEST_1648,0.5857585939831678
TEST_1649,0.45323102790357345
TEST_1650,0.594901234694345
TEST_1651,0.6229654943629603
TEST_1652,0.5239275520362976
TEST_1653,0.5747807976415272
TEST_1654,0.4705588735727045
TEST_1655,0.411440588390913
TEST_1656,0.6370730396577451
TEST_1657,0.5303536003362612
TEST_1658,0.6494459614308444
TEST_1659,0.6004461408817552
TEST_1660,0.4982436368270297
TEST_1661,0.6277677925157853
TEST_1662,0.6565786061464665
TEST_1663,0.5295325122356275
TEST_1664,0.5781560364908959
TEST_1665,0.6038277605488303
TEST_1666,0.5355199773080656
TEST_1667,0.581034994602797
TEST_1668,0.6137077456749868
TEST_1669,0.614820300229338
TEST_1670,0.5778664520267056
TEST_1671,0.5909955455574432
TEST_1672,0.46945598786780846
TEST_1673,0.5580041774989818
TEST_1674,0.4572319145924857
TEST_1675,0.5684997423020034
TEST_1676,0.6100818719667239
TEST_1677,0.5098622263139774
TEST_1678,0.6023292948240769
TEST_1679,0.6312559747354979
TEST_1680,0.555853683203894
TEST_1681,0.5860547809827101
TEST_1682,0.5378723787830217
TEST_1683,0.5906958321799788
TEST_1684,0.5173221580729997
TEST_1685,0.493633181293112
TEST_1686,0.5566559989520439
TEST_1687,0.5117900545566141
TEST_1688,0.6689379393440675
TEST_1689,0.5567016086241932
TEST_1690,0.4922736184908938
TEST_1691,0.4584886080731402
TEST_1692,0.6219746918282117
TEST_1693,0.656968856629216
TEST_1694,0.5491614897559719
TEST_1695,0.4986865814446725
TEST_1696,0.6155571018238412
TEST_1697,0.5771799954351097
TEST_1698,0.49229402485458473
TEST_1699,0.46294532854275566
TEST_1700,0.6377210680641419
TEST_1701,0.479466258937735
TEST_1702,0.5788789148081289
TEST_1703,0.433054204617425
TEST_1704,0.5639195002645179
TEST_1705,0.5474025944991747
TEST_1706,0.5917590701759996
TEST_1707,0.4934867347543347
TEST_1708,0.6541563585744266
TEST_1709,0.5503000347945441
TEST_1710,0.5331123150129344
TEST_1711,0.5504133835630114
TEST_1712,0.42059902014286416
TEST_1713,0.460622825335876
TEST_1714,0.4533464333947722
TEST_1715,0.42082997288597884
TEST_1716,0.5537040783273997
TEST_1717,0.5125031999390719
TEST_1718,0.5434264461106678
TEST_1719,0.6065905570011771
TEST_1720,0.5713284998839375
TEST_1721,0.5304830282126934
TEST_1722,0.5176300981895808
TEST_1723,0.53937097768036
TEST_1724,0.6069697827324445
TEST_1725,0.5365938538361
TEST_1726,0.5451983783666848
TEST_1727,0.5182144659172027
TEST_1728,0.5574555229482315
TEST_1729,0.4445580510677759
TEST_1730,0.499748549473289
TEST_1731,0.49544609405897533
TEST_1732,0.4331784925244946
TEST_1733,0.5069703605549342
TEST_1734,0.5341371301962965
TEST_1735,0.4109758064111443
TEST_1736,0.6652575599851785
TEST_1737,0.5909242829947019
TEST_1738,0.4130675273936875
TEST_1739,0.5689738743088495
TEST_1740,0.6120798149981496
TEST_1741,0.4768825788671897
TEST_1742,0.6726623659225126
TEST_1743,0.46281172301332235
TEST_1744,0.49198595719436594
TEST_1745,0.5556977863745205
TEST_1746,0.4983849663447468
TEST_1747,0.5814186751604894
TEST_1748,0.5154801028614866
TEST_1749,0.6488023571672952
TEST_1750,0.4538829657974144
TEST_1751,0.5290096017709977
TEST_1752,0.565904106941016
TEST_1753,0.493082641195767
TEST_1754,0.5631797326422642
